id, duration, noQbits, nodesNo, brnchNo, solver, solveTime, samplesNo, unqSmplsNo, primesNo, newPrmsNo
20231006143111, 12.968346000000004, 16, , , Advantage2, , 2000, 1934, 286, 245
20231006184934, 2.923371000000003, 16, 160, 420, Advantage2, 1.6023430000000047, 1000, 1000, 39, 72
20231007180540, 7.073360000000001, 4, 26, 54, dann5, 6.857548999999999, 2, 2, 2, 0
20231007180632, 2.8510109999999997, 4, 24, 55, dann5, 1.5902299999999983, 4, 4, 4, 0
20231007181116, 0.9541340000000034, 3, 23, 47, dann5, 0.7726179999999943, 1, 1, 1, 0
20231007181120, 1.7280960000000007, 3, 24, 55, dann5, 1.593716999999998, 4, 4, 4, 0
20231007181217, 9.984287000000002, 16, 160, 420, Advantage2, 4.777058000000004, 1000, 1000, 123, 117
20231007181238, 6.698056000000001, 16, 146, 409, Advantage2, 2.583952999999994, 1000, 1000, 91, 78
20231007181403, 3.2898429999999905, 16, 160, 420, Advantage2, 1.3086669999999998, 1000, 1000, 83, 71
20231007181409, 3.206204999999997, 16, 146, 409, Advantage2, 0.846870999999993, 1000, 1000, 135, 109
20231007181509, 3.868836999999999, 17, 171, 450, Advantage2, 1.4444400000000002, 1000, 1000, 89, 83
20231007181516, 3.5786920000000038, 17, 156, 438, Advantage2, 1.0557539999999932, 1000, 1000, 110, 95
20231007181609, 3.6277160000000066, 17, 171, 450, Advantage2, 1.5248519999999957, 1000, 1000, 68, 62
20231007181615, 4.006276, 17, 156, 438, Advantage2, 0.9024499999999875, 1000, 1000, 143, 133
20231007181742, 4.985711000000009, 18, 182, 480, Advantage2, 1.5853100000000069, 1000, 1000, 128, 122
20231007181749, 4.632733999999999, 18, 166, 467, Advantage2, 1.0260580000000061, 1000, 1000, 139, 136
20231007181815, 4.319064000000012, 18, 182, 480, Advantage2, 1.356394999999992, 1000, 1000, 91, 86
20231007181822, 4.8712560000000025, 18, 166, 467, Advantage2, 1.3298169999999914, 1000, 1000, 140, 126
20231007181923, 380.335673, 119, 1293, 3510, Advantage, 276.176409, 1000, 1000, 0, 0
20231007182546, 190.413615, 119, 1176, 3396, Advantage, 107.14121399999999, 1000, 1000, 0, 0
20231007190149, 209.2590899999999, 119, 1293, 3510, Advantage, 100.10307799999998, 1000, 1000, 0, 0
20231007190523, 127.5613669999999, 119, 1176, 3396, Advantage, 34.94375400000001, 1000, 1000, 0, 0
20231007190838, 129.6440369999999, 119, 1293, 3510, Advantage, 26.35709499999996, 1000, 1000, 0, 0
20231007191051, 137.5261539999999, 119, 1176, 3396, Advantage, 44.37771900000007, 1000, 1000, 0, 0
20231007195228, 707.5245029999999, 119, 1293, 3510, Advantage, 597.05729, 1000, 1000, 0, 0
20231007203327, 139.43965300000013, 119, 1176, 3396, Advantage, 48.50655700000016, 1000, 1000, 0, 0
20231008174626, 851.9318290000001, 119, 1293, 3510, Advantage, 646.8732679999998, 1000, 1000, 0, 0
20231008180315, 279.60100399999965, 119, 1176, 3396, Advantage, 126.88840500000015, 1000, 1000, 0, 0
20231010190617, 20.125590271, 19, 193, 510, Advantage2, 2.3104369800000004, 1000, 1000, 106, 96
20231010190640, 28.100148671000003, 19, 176, 496, Advantage2, 1.723833985999999, 1000, 1000, 184, 168
20231010190834, 25.385175578000002, 19, 193, 510, Advantage2, 1.7767160909999973, 1000, 1000, 127, 123
20231010190901, 20.631063260999994, 19, 176, 496, Advantage2, 1.07926578, 1000, 1000, 122, 103
20231010190959, 24.543596465999997, 19, 193, 510, Advantage2, 2.039762428000003, 1000, 1000, 130, 123
20231010191026, 18.97049742199998, 19, 176, 496, Advantage2, 1.2332001110000022, 1000, 1000, 110, 102
20231010191237, 23.093263037000014, 20, 204, 540, Advantage2, 1.9790972179999926, 1000, 1000, 102, 99
20231010191302, 44.200971826, 20, 186, 525, Advantage2, 1.2294404229999998, 1000, 1000, 229, 223
20231010191419, 20.82415433, 20, 204, 540, Advantage2, 2.0812486699999795, 1000, 1000, 85, 85
20231010191442, 34.14295684300001, 20, 186, 525, Advantage2, 1.2531777239999826, 1000, 1000, 163, 159
20231010191535, 24.234768270000018, 20, 204, 540, Advantage2, 1.5985141060000387, 1000, 1000, 100, 94
20231010191601, 39.09769802799997, 20, 186, 525, Advantage2, 1.2246268799999598, 1000, 1000, 189, 185
20231010191717, 23.189786242000025, 20, 204, 540, Advantage2, 1.8674928429999795, 1000, 1000, 88, 86
20231010191742, 44.71638108899998, 20, 186, 525, Advantage2, 1.1912459299999796, 1000, 1000, 216, 209
20231010191915, 28.368913868999982, 20, 204, 540, Advantage2, 2.156343686000014, 1000, 1000, 112, 109
20231010191947, 32.10182591099999, 20, 186, 525, Advantage2, 1.1347314410000422, 1000, 1000, 143, 139
20231010192108, 21.77496296000004, 20, 204, 540, Advantage2, 2.073839095999972, 1000, 1000, 74, 71
20231010192137, 36.89776971399999, 20, 186, 525, Advantage2, 1.3425006639999992, 1000, 1000, 148, 141
20231010192338, 24.528584625999997, 20, 204, 540, Advantage2, 1.6415720820000388, 1000, 1000, 92, 92
20231010192405, 16.3702221719999, 20, 186, 525, Advantage2, 1.2818340909999506, 1000, 1000, 58, 54
20231010192439, 20.06617605400004, 20, 204, 540, Advantage2, 1.8509495759999481, 1000, 1000, 72, 68
20231010192501, 29.47074464700006, 20, 186, 525, Advantage2, 1.2174168530000316, 1000, 1000, 116, 112
20231010192622, 23.272686693999958, 20, 204, 540, Advantage2, 1.5521349089999603, 1000, 1000, 82, 81
20231010192648, 33.05826150900009, 20, 186, 525, Advantage2, 1.0474558390000084, 1000, 1000, 138, 125
20231010192737, 21.005205363000073, 20, 204, 540, Advantage2, 1.683679890999997, 1000, 1000, 77, 72
20231010192800, 31.869979181999952, 20, 186, 525, Advantage2, 1.23307395300003, 1000, 1000, 117, 110
20231010192905, 15.10189435899997, 16, 160, 420, Advantage2, 1.8693879549999792, 1000, 1000, 123, 92
20231010192922, 12.300310817999957, 16, 146, 409, Advantage2, 1.1424471400000584, 1000, 1000, 121, 80
20231010193020, 10.156326822999972, 16, 160, 420, Advantage2, 1.6729962870000463, 1000, 1000, 56, 44
20231010193032, 15.029855448000035, 16, 146, 409, Advantage2, 1.0217104390000031, 1000, 1000, 144, 96
20231010193107, 3.8568165149999913, 10, 94, 240, Advantage2, 1.230112264000013, 1000, 1000, 82, 0
20231010193113, 3.457862574000046, 10, 86, 235, Advantage2, 0.860508004000053, 1000, 1000, 143, 0
20231010193136, 6.667585132999989, 12, 116, 300, Advantage2, 2.0086744970000154, 1000, 1000, 120, 0
20231010193144, 4.666726206000021, 12, 106, 293, Advantage2, 0.88992974100006, 1000, 1000, 143, 0
20231010193218, 8.654271935999986, 13, 127, 330, Advantage2, 1.4172625699999344, 1000, 1000, 87, 4
20231010193229, 10.949485711999955, 13, 116, 322, Advantage2, 0.8906497550000267, 1000, 1000, 206, 37
20231010193255, 14.499851055000022, 13, 127, 330, Advantage2, 1.481341837000059, 1000, 1000, 165, 1
20231010193312, 9.255625114000054, 13, 116, 322, Advantage2, 0.9698394600000029, 1000, 1000, 184, 41
20231010193341, 8.289197506999926, 13, 127, 330, Advantage2, 1.309924551999984, 1000, 1000, 111, 2
20231010193351, 12.256262949000075, 13, 116, 322, Advantage2, 0.7942083149999917, 1000, 1000, 253, 53
20231010193421, 12.243831525000019, 13, 127, 330, Advantage2, 1.3922038069999871, 1000, 1000, 149, 2
20231010193435, 10.493401875000018, 13, 116, 322, Advantage2, 0.9400805809999611, 1000, 1000, 193, 39
20231010193457, 12.665773526999942, 13, 127, 330, Advantage2, 2.027776771000049, 1000, 1000, 174, 1
20231010193512, 10.985242137, 13, 116, 322, Advantage2, 0.9703144899999643, 1000, 1000, 210, 28
20231010193532, 10.177748505999944, 13, 127, 330, Advantage2, 1.551051282000003, 1000, 1000, 120, 1
20231010193544, 9.96126643499997, 13, 116, 322, Advantage2, 0.9333827809999775, 1000, 1000, 190, 29
20231010193615, 7.032605849000106, 13, 127, 330, Advantage2, 1.3463064490000534, 1000, 1000, 105, 0
20231010193624, 12.347149847999958, 13, 116, 322, Advantage2, 0.9003859360000206, 1000, 1000, 210, 35
20231010193649, 12.800394788000062, 13, 127, 330, Advantage2, 1.4090239639999709, 1000, 1000, 162, 1
20231010193704, 11.483305549000079, 13, 116, 322, Advantage2, 0.9808905909999339, 1000, 1000, 234, 30
20231010193728, 10.246642464000047, 13, 127, 330, Advantage2, 1.3626790839999785, 1000, 1000, 122, 1
20231010193740, 11.892172348000031, 13, 116, 322, Advantage2, 0.9100152550000757, 1000, 1000, 210, 29
20231010193807, 8.727366179, 13, 127, 330, Advantage2, 1.411201688999995, 1000, 1000, 119, 0
20231010193817, 12.477869679000037, 13, 116, 322, Advantage2, 1.014624065000021, 1000, 1000, 214, 40
20231010193847, 9.413063749999992, 13, 127, 330, Advantage2, 2.192552836999994, 1000, 1000, 114, 0
20231010193858, 8.379273473999888, 13, 116, 322, Advantage2, 0.9000019519999114, 1000, 1000, 167, 14
20231010193923, 7.5298200049999195, 13, 127, 330, Advantage2, 1.4677042579999124, 1000, 1000, 106, 0
20231010193932, 12.063874926000153, 13, 116, 322, Advantage2, 0.8833282680000138, 1000, 1000, 191, 10
20231010193954, 9.901807276999989, 13, 127, 330, Advantage2, 1.2516847169999892, 1000, 1000, 125, 0
20231010194006, 11.664149048999889, 13, 116, 322, Advantage2, 1.040947936000066, 1000, 1000, 161, 9
20231010194027, 6.7149184830000195, 13, 127, 330, Advantage2, 1.485309036999979, 1000, 1000, 73, 0
20231010194036, 10.57704237400003, 13, 116, 322, Advantage2, 0.9793498960000306, 1000, 1000, 190, 12
20231010194220, 5.473372607999863, 13, 127, 330, Advantage2, 1.4180700549998164, 1000, 1000, 56, 0
20231010194228, 8.25325815400015, 13, 116, 322, Advantage2, 0.8681735369998478, 1000, 1000, 137, 4
20231010194254, 13.417809200999955, 14, 138, 360, Advantage2, 1.637123997999879, 1000, 1000, 110, 21
20231010194310, 8.30230551800014, 14, 126, 351, Advantage2, 0.9420619370000622, 1000, 1000, 91, 18
20231010194330, 14.145303983000076, 14, 138, 360, Advantage2, 1.3854534310000872, 1000, 1000, 140, 22
20231010194346, 14.867887233999909, 14, 126, 351, Advantage2, 0.9708883069999956, 1000, 1000, 160, 41
20231010194414, 16.228569116000017, 14, 138, 360, Advantage2, 2.6548471370001607, 1000, 1000, 137, 19
20231010194432, 19.412035180999965, 14, 126, 351, Advantage2, 0.9631067069999517, 1000, 1000, 247, 73
20231010194507, 19.522647685000038, 14, 138, 360, Advantage2, 1.2923020390001057, 1000, 1000, 139, 22
20231010194528, 17.293281977000106, 14, 126, 351, Advantage2, 1.0698113799999192, 1000, 1000, 216, 50
20231010194614, 17.277768213999934, 14, 138, 360, Advantage2, 1.7086063469998862, 1000, 1000, 136, 15
20231010194633, 11.862568445999841, 14, 126, 351, Advantage2, 0.9739619750000656, 1000, 1000, 155, 35
20231010194646, 9.367138396999962, 14, 138, 360, Advantage2, 0.7891849459999776, 1000, 1000, 78, 2
20231010194657, 19.756618401999958, 14, 126, 351, Advantage2, 0.9416603290001149, 1000, 1000, 271, 58
20231010194900, 14.964428072999908, 14, 138, 360, Advantage2, 1.8414345019998564, 1000, 1000, 116, 10
20231010194917, 11.494925604999935, 14, 126, 351, Advantage2, 1.1725543569998536, 1000, 1000, 119, 36
20231010194930, 15.157497551000006, 14, 138, 360, Advantage2, 0.9404097999999976, 1000, 1000, 110, 8
20231010194946, 20.012987962000125, 14, 126, 351, Advantage2, 1.1177758139999696, 1000, 1000, 264, 47
20231010195031, 16.218567172999883, 14, 138, 360, Advantage2, 1.5171255950001523, 1000, 1000, 110, 12
20231010195049, 16.544654735999984, 14, 126, 351, Advantage2, 1.0542113889998745, 1000, 1000, 206, 30
20231010195107, 19.53718776300002, 14, 138, 360, Advantage2, 1.0055922380001903, 1000, 1000, 169, 12
20231010195127, 17.589926800000057, 14, 126, 351, Advantage2, 0.7851502979999623, 1000, 1000, 213, 37
20231010195146, 16.16738277000013, 14, 138, 360, Advantage2, 0.9916815010001301, 1000, 1000, 132, 4
20231010195203, 10.533631078000099, 14, 126, 351, Advantage2, 0.7565823550000914, 1000, 1000, 99, 18
20231010195215, 14.957042349999938, 14, 138, 360, Advantage2, 0.9660385780000524, 1000, 1000, 129, 4
20231010195231, 13.41811329699999, 14, 126, 351, Advantage2, 0.9584536149998257, 1000, 1000, 150, 23
20231010195250, 19.216703171000063, 14, 138, 360, Advantage2, 1.4921612539999387, 1000, 1000, 155, 5
20231010195311, 12.231702146000089, 14, 126, 351, Advantage2, 0.971128556000167, 1000, 1000, 127, 21
20231010195325, 16.247720410000056, 14, 138, 360, Advantage2, 1.050870032000148, 1000, 1000, 107, 2
20231010195342, 10.405237039000212, 14, 126, 351, Advantage2, 0.8090021930001967, 1000, 1000, 97, 15
20231010195354, 19.886164388999987, 14, 138, 360, Advantage2, 1.058452928999941, 1000, 1000, 155, 2
20231010195420, 18.754007346000208, 14, 126, 351, Advantage2, 0.9161731659999077, 1000, 1000, 164, 19
20231010195439, 26.086843386000055, 14, 138, 360, Advantage2, 1.1907580799997959, 1000, 1000, 146, 4
20231010195506, 19.780339182000034, 14, 126, 351, Advantage2, 1.104667500000005, 1000, 1000, 195, 31
20231010200110, 17.556878095000002, 14, 138, 360, Advantage2, 1.764699807, 1000, 1000, 142, 3
20231010200129, 18.476516229, 14, 126, 351, Advantage2, 0.9640806080000033, 1000, 1000, 204, 31
20231010200149, 16.640409124999998, 14, 138, 360, Advantage2, 0.8537813060000019, 1000, 1000, 147, 1
20231010200207, 12.384268172999995, 14, 126, 351, Advantage2, 0.8170354609999961, 1000, 1000, 159, 18
20231010200220, 14.224607624, 14, 138, 360, Advantage2, 0.902596238000001, 1000, 1000, 126, 0
20231010200235, 11.112066006000006, 14, 126, 351, Advantage2, 0.8382515769999941, 1000, 1000, 116, 20
20231010200248, 18.261338468000005, 14, 138, 360, Advantage2, 0.8209250560000072, 1000, 1000, 128, 2
20231010200307, 11.925452921999991, 14, 126, 351, Advantage2, 0.8044690580000093, 1000, 1000, 133, 23
20231010200327, 16.237043708, 14, 138, 360, Advantage2, 1.661308285000004, 1000, 1000, 134, 2
20231010200346, 20.603166918, 14, 126, 351, Advantage2, 0.8582832060000101, 1000, 1000, 209, 24
20231010200407, 16.750872704999978, 14, 138, 360, Advantage2, 0.9104040340000097, 1000, 1000, 130, 4
20231010200425, 18.325213606999995, 14, 126, 351, Advantage2, 0.865082373000007, 1000, 1000, 229, 10
20231010200445, 11.705151328999989, 14, 138, 360, Advantage2, 0.7430165220000049, 1000, 1000, 107, 0
20231010200457, 17.669045557999993, 14, 126, 351, Advantage2, 0.7940035850000129, 1000, 1000, 207, 22
20231010200516, 21.858435172000014, 14, 138, 360, Advantage2, 1.0633113179999896, 1000, 1000, 161, 0
20231010200539, 11.91682140399999, 14, 126, 351, Advantage2, 0.9790317400000106, 1000, 1000, 105, 13
20231010200606, 19.108204625999974, 14, 138, 360, Advantage2, 1.6893903699999555, 1000, 1000, 154, 0
20231010200627, 14.473023479999995, 14, 126, 351, Advantage2, 1.0153765199999611, 1000, 1000, 183, 16
20231010200642, 18.052975006999986, 14, 138, 360, Advantage2, 1.0768572030000314, 1000, 1000, 187, 0
20231010200701, 14.43981725399999, 14, 126, 351, Advantage2, 1.028707800999996, 1000, 1000, 156, 10
20231010200717, 10.190652808999971, 14, 138, 360, Advantage2, 0.8286424230000193, 1000, 1000, 83, 0
20231010200728, 15.284198422000031, 14, 126, 351, Advantage2, 0.9098470010000028, 1000, 1000, 165, 14
20231010200745, 19.978602835999993, 14, 138, 360, Advantage2, 0.7395626769999808, 1000, 1000, 164, 0
20231010200806, 15.226579562999973, 14, 126, 351, Advantage2, 0.8079369700000143, 1000, 1000, 196, 18
20231010200905, 19.725790337000035, 14, 138, 360, Advantage2, 1.799690950000013, 1000, 1000, 150, 1
20231010200927, 12.572796089999997, 14, 126, 351, Advantage2, 0.8883681709999678, 1000, 1000, 141, 5
20231010200940, 23.293041683000013, 14, 138, 360, Advantage2, 1.0998852039999747, 1000, 1000, 151, 0
20231010201005, 19.214077874999987, 14, 126, 351, Advantage2, 1.1722096240000042, 1000, 1000, 188, 6
20231010201025, 20.85669631099995, 14, 138, 360, Advantage2, 1.0676209440000548, 1000, 1000, 154, 0
20231010201047, 19.66345366600001, 14, 126, 351, Advantage2, 1.3184586229999695, 1000, 1000, 166, 19
20231010201108, 22.644143374000066, 14, 138, 360, Advantage2, 1.029483895999988, 1000, 1000, 153, 1
20231010201132, 12.534380154000019, 14, 126, 351, Advantage2, 0.9513285079999605, 1000, 1000, 128, 13
20231010201251, 15.502176860999953, 14, 138, 360, Advantage2, 1.436641146999932, 1000, 1000, 142, 0
20231010201308, 10.589854742000057, 14, 126, 351, Advantage2, 0.9649661280000146, 1000, 1000, 115, 8
20231010201320, 23.044647731000055, 14, 138, 360, Advantage2, 0.9824733469999956, 1000, 1000, 132, 1
20231010201344, 18.87316832800002, 14, 126, 351, Advantage2, 0.9562071519999336, 1000, 1000, 209, 12
20231010201404, 18.085280049000062, 14, 138, 360, Advantage2, 0.9293409499999825, 1000, 1000, 139, 0
20231010201423, 15.80197601000009, 14, 126, 351, Advantage2, 0.8875453349999134, 1000, 1000, 142, 10
20231010201440, 12.25583274500002, 14, 138, 360, Advantage2, 1.0393963849999182, 1000, 1000, 96, 0
20231010201453, 20.319590661999996, 14, 126, 351, Advantage2, 0.9107577900000479, 1000, 1000, 186, 13
20231010201518, 30.32682567400002, 15, 149, 390, Advantage2, 1.770446455999945, 1000, 1000, 144, 30
20231010201551, 17.788719056000105, 15, 136, 380, Advantage2, 1.1366117860000031, 1000, 1000, 118, 35
20231010201610, 19.436477157000013, 15, 149, 390, Advantage2, 0.8766451110000162, 1000, 1000, 87, 17
20231010201630, 19.240530365999916, 15, 136, 380, Advantage2, 0.888091655999915, 1000, 1000, 131, 29
20231010201651, 26.20894161000001, 15, 149, 390, Advantage2, 0.9896795849999762, 1000, 1000, 140, 28
20231010201718, 25.879614618000005, 15, 136, 380, Advantage2, 0.9444222770000579, 1000, 1000, 205, 60
20231010201745, 22.604282069999954, 15, 149, 390, Advantage2, 0.9634392500000786, 1000, 1000, 112, 18
20231010201808, 23.84526714699996, 15, 136, 380, Advantage2, 0.8787765939999872, 1000, 1000, 188, 45
20231010202124, 19.86082060800004, 15, 149, 390, Advantage2, 1.7055147429999806, 1000, 1000, 103, 13
20231010202146, 17.75855939500002, 15, 136, 380, Advantage2, 0.8889346070000101, 1000, 1000, 102, 32
20231010202205, 27.125078419000033, 15, 149, 390, Advantage2, 0.9502115149999781, 1000, 1000, 130, 17
20231010202233, 24.340594657999986, 15, 136, 380, Advantage2, 1.0906400139999732, 1000, 1000, 194, 54
20231010202259, 23.78930178899998, 15, 149, 390, Advantage2, 1.0241047860000663, 1000, 1000, 115, 9
20231010202324, 24.711340801999995, 15, 136, 380, Advantage2, 1.1590949980000005, 1000, 1000, 156, 34
20231010202349, 26.114381038000033, 15, 149, 390, Advantage2, 1.2847122409999656, 1000, 1000, 124, 21
20231010202417, 21.720471837000105, 15, 136, 380, Advantage2, 1.1155225679999603, 1000, 1000, 143, 32
20231010202534, 21.60779929299997, 15, 149, 390, Advantage2, 1.4310615379999945, 1000, 1000, 100, 7
20231010202558, 11.729871849999881, 15, 136, 380, Advantage2, 0.9042469690000416, 1000, 1000, 67, 17
20231010202611, 32.376815151999836, 15, 149, 390, Advantage2, 0.9474973930000488, 1000, 1000, 145, 17
20231010202644, 29.470596502000035, 15, 136, 380, Advantage2, 1.0003657310001017, 1000, 1000, 206, 60
20231010202715, 25.875411777999943, 15, 149, 390, Advantage2, 1.0366786229999434, 1000, 1000, 132, 10
20231010202742, 23.53088254499994, 15, 136, 380, Advantage2, 0.9542937390001498, 1000, 1000, 166, 29
20231010202806, 32.376845080000066, 15, 149, 390, Advantage2, 1.0013723560000471, 1000, 1000, 158, 9
20231010202840, 24.044666948999975, 15, 136, 380, Advantage2, 0.9517304430000877, 1000, 1000, 166, 35
20231010202931, 20.701673900999822, 15, 149, 390, Advantage2, 1.8200560919999589, 1000, 1000, 94, 6
20231010202954, 22.498908067000002, 15, 136, 380, Advantage2, 1.0093126689998826, 1000, 1000, 106, 28
20231010203018, 25.82865360599999, 15, 149, 390, Advantage2, 1.2960960189998332, 1000, 1000, 113, 13
20231010203044, 21.148305900999958, 15, 136, 380, Advantage2, 1.1133520030000454, 1000, 1000, 155, 23
20231010203107, 22.906269572999918, 15, 149, 390, Advantage2, 0.868403065000166, 1000, 1000, 137, 5
20231010203131, 24.033786423000038, 15, 136, 380, Advantage2, 0.9223423890000504, 1000, 1000, 196, 53
20231010203156, 30.22038072600003, 15, 149, 390, Advantage2, 0.9497624850000648, 1000, 1000, 148, 5
20231010203227, 20.869999663000044, 15, 136, 380, Advantage2, 1.0188861459998861, 1000, 1000, 110, 13
20231010203301, 27.685173117999966, 15, 149, 390, Advantage2, 1.5145114240001476, 1000, 1000, 131, 5
20231010203331, 24.679049578000104, 15, 136, 380, Advantage2, 0.920980573999941, 1000, 1000, 135, 27
20231010203357, 35.63140895399988, 15, 149, 390, Advantage2, 1.2964190770001096, 1000, 1000, 170, 5
20231010203434, 37.59694798700002, 15, 136, 380, Advantage2, 1.4792493179998019, 1000, 1000, 199, 29
20231010203513, 36.548397442999885, 15, 149, 390, Advantage2, 1.073502082999994, 1000, 1000, 152, 7
20231010203551, 29.19939225500002, 15, 136, 380, Advantage2, 1.4229013199999372, 1000, 1000, 179, 34
20231010203622, 33.00133173900008, 15, 149, 390, Advantage2, 1.2149397030000273, 1000, 1000, 145, 8
20231010203657, 29.553543021999985, 15, 136, 380, Advantage2, 1.0688214829999652, 1000, 1000, 196, 31
20231010205814, 19.104589196999996, 15, 149, 390, Advantage2, 1.9348476750001282, 1000, 1000, 85, 1
20231010205835, 22.83147395600008, 15, 136, 380, Advantage2, 1.0172864940000181, 1000, 1000, 139, 14
20231010205859, 33.07095635399992, 15, 149, 390, Advantage2, 1.0500492349999604, 1000, 1000, 177, 4
20231010205933, 22.057601477000162, 15, 136, 380, Advantage2, 0.889983409000024, 1000, 1000, 135, 26
20231010205956, 25.501605879999943, 15, 149, 390, Advantage2, 1.0291933690000405, 1000, 1000, 121, 5
20231010210025, 34.94886898599998, 15, 136, 380, Advantage2, 1.019593438999891, 1000, 1000, 231, 43
20231010210101, 29.10990894700012, 15, 149, 390, Advantage2, 1.1929029189998346, 1000, 1000, 128, 1
20231010210134, 37.747210430999985, 15, 136, 380, Advantage2, 1.076267678000022, 1000, 1000, 231, 51
20231010210237, 21.022824905000107, 15, 149, 390, Advantage2, 1.6597548260001531, 1000, 1000, 104, 5
20231010210300, 16.962105646000055, 15, 136, 380, Advantage2, 1.166921388999981, 1000, 1000, 114, 8
20231010210319, 15.01873628899989, 15, 149, 390, Advantage2, 0.9113183450001543, 1000, 1000, 63, 3
20231010210335, 23.145496632999993, 15, 136, 380, Advantage2, 0.8509886760000427, 1000, 1000, 186, 17
20231010210359, 21.309865439000077, 15, 149, 390, Advantage2, 0.9484860390000449, 1000, 1000, 120, 3
20231010210422, 36.814523744000326, 15, 136, 380, Advantage2, 0.8866317990000425, 1000, 1000, 259, 36
20231010210500, 13.880274112999814, 15, 149, 390, Advantage2, 1.1721121649998167, 1000, 1000, 61, 1
20231010210515, 30.844097788, 15, 136, 380, Advantage2, 0.869010716000048, 1000, 1000, 186, 11
20231010210829, 31.931251771999996, 15, 149, 390, Advantage2, 1.5062652809997417, 1000, 1000, 163, 1
20231010210903, 29.451415071000156, 15, 136, 380, Advantage2, 0.9576535629998943, 1000, 1000, 221, 32
20231010210934, 13.634584018000169, 15, 149, 390, Advantage2, 0.9994828820003931, 1000, 1000, 68, 1
20231010210950, 33.61087382699998, 15, 136, 380, Advantage2, 0.924892957999873, 1000, 1000, 198, 28
20231010211027, 24.386971861000347, 15, 149, 390, Advantage2, 0.9432068689998232, 1000, 1000, 111, 2
20231010211053, 28.902095315000224, 15, 136, 380, Advantage2, 1.0047888230001263, 1000, 1000, 171, 23
20231010211123, 17.8861402309999, 15, 149, 390, Advantage2, 1.3876880369998617, 1000, 1000, 107, 0
20231010211142, 24.403408232999936, 15, 136, 380, Advantage2, 1.028884313999697, 1000, 1000, 162, 24
20231010211345, 25.395463137000206, 15, 149, 390, Advantage2, 1.4098914020000848, 1000, 1000, 117, 4
20231010211414, 14.928039731999888, 15, 136, 380, Advantage2, 1.044561536999936, 1000, 1000, 102, 4
20231010211431, 29.63949965999973, 15, 149, 390, Advantage2, 1.0273497359999055, 1000, 1000, 134, 2
20231010211501, 14.863771832000111, 15, 136, 380, Advantage2, 0.9374192519999269, 1000, 1000, 123, 10
20231010211517, 29.841415405000134, 15, 149, 390, Advantage2, 0.9551105630002894, 1000, 1000, 136, 2
20231010211548, 20.44908386599991, 15, 136, 380, Advantage2, 0.8906462929999179, 1000, 1000, 177, 16
20231010211610, 28.310235461000048, 15, 149, 390, Advantage2, 0.9987829269998656, 1000, 1000, 140, 2
20231010211641, 25.626366635000068, 15, 136, 380, Advantage2, 1.0055694960001347, 1000, 1000, 149, 17
20231010211734, 29.575996282999768, 15, 149, 390, Advantage2, 1.7043090170000141, 1000, 1000, 135, 2
20231010211812, 19.087412649999806, 15, 136, 380, Advantage2, 1.0867746330000045, 1000, 1000, 143, 20
20231010211832, 35.30471287099999, 15, 149, 390, Advantage2, 0.9296685449999131, 1000, 1000, 133, 1
20231010211908, 23.27228982099996, 15, 136, 380, Advantage2, 0.9759502960000646, 1000, 1000, 127, 19
20231010211933, 36.20788072899995, 15, 149, 390, Advantage2, 1.218285625000135, 1000, 1000, 144, 1
20231010212012, 29.374236603999634, 15, 136, 380, Advantage2, 1.3399962190001133, 1000, 1000, 187, 26
20231010212044, 24.54031657600035, 15, 149, 390, Advantage2, 1.1971545279998281, 1000, 1000, 125, 0
20231010212110, 14.553439380999862, 15, 136, 380, Advantage2, 0.8097482789999049, 1000, 1000, 95, 7
20231010212135, 32.98199723799962, 15, 149, 390, Advantage2, 1.7012255009999535, 1000, 1000, 169, 1
20231010212210, 21.477706808999756, 15, 136, 380, Advantage2, 1.154006759999902, 1000, 1000, 145, 20
20231010212232, 30.959652818999984, 15, 149, 390, Advantage2, 1.1105822909999006, 1000, 1000, 130, 1
20231010212304, 27.497540552999908, 15, 136, 380, Advantage2, 0.9297581450000507, 1000, 1000, 167, 14
20231010212333, 34.03822534400024, 15, 149, 390, Advantage2, 1.1198918499999309, 1000, 1000, 134, 0
20231010212408, 30.81422015499993, 15, 136, 380, Advantage2, 1.019367701000192, 1000, 1000, 170, 17
20231010212440, 39.01705707300016, 15, 149, 390, Advantage2, 1.059546789000251, 1000, 1000, 158, 1
20231010212521, 13.231546693999917, 15, 136, 380, Advantage2, 1.142168811999909, 1000, 1000, 78, 8
20231010212939, 21.270948181999756, 15, 149, 390, Advantage2, 2.2308736310001223, 1000, 1000, 114, 1
20231010213002, 24.95083321500033, 15, 136, 380, Advantage2, 1.1603267349996713, 1000, 1000, 162, 17
20231010213028, 28.65636854799959, 15, 149, 390, Advantage2, 1.126412371999777, 1000, 1000, 127, 1
20231010213100, 33.38125695100007, 15, 136, 380, Advantage2, 0.8606490019997182, 1000, 1000, 202, 30
20231010213135, 30.331568851000156, 15, 149, 390, Advantage2, 1.0731398500001887, 1000, 1000, 154, 2
20231010213207, 22.812512059000255, 15, 136, 380, Advantage2, 0.9741420810000818, 1000, 1000, 150, 8
20231010213231, 33.47109049299979, 15, 149, 390, Advantage2, 0.9549706399998286, 1000, 1000, 152, 1
20231010213306, 29.232860771000105, 15, 136, 380, Advantage2, 0.8448398679997808, 1000, 1000, 176, 15
20231010213346, 20.672148849000223, 15, 149, 390, Advantage2, 1.5737285909999628, 1000, 1000, 76, 2
20231010213409, 32.812216909999734, 15, 136, 380, Advantage2, 1.0456472470000335, 1000, 1000, 234, 30
20231010213443, 24.698182896000162, 15, 149, 390, Advantage2, 0.9567463240000507, 1000, 1000, 124, 1
20231010213509, 13.859282600999904, 15, 136, 380, Advantage2, 0.8395406879999427, 1000, 1000, 86, 13
20231010213524, 26.437604833000023, 15, 149, 390, Advantage2, 0.9382812409999133, 1000, 1000, 125, 0
20231010213551, 34.44703243499998, 15, 136, 380, Advantage2, 1.2146729510000114, 1000, 1000, 207, 20
20231010213627, 27.929478526000366, 15, 149, 390, Advantage2, 1.099540177000108, 1000, 1000, 121, 2
20231010213656, 13.25420030999976, 15, 136, 380, Advantage2, 1.121903389000181, 1000, 1000, 81, 9
20231010213819, 11.130229705000147, 15, 149, 390, Advantage2, 1.5037456899999597, 1000, 1000, 51, 0
20231010213833, 21.899367709000217, 15, 136, 380, Advantage2, 1.0899649899997712, 1000, 1000, 121, 10
20231010213857, 22.27669125300008, 15, 149, 390, Advantage2, 0.853099802000088, 1000, 1000, 108, 0
20231010213921, 27.71088772400026, 15, 136, 380, Advantage2, 0.8554356449999432, 1000, 1000, 213, 19
20231010213949, 20.331226608999714, 15, 149, 390, Advantage2, 1.0780257269998401, 1000, 1000, 118, 0
20231010214011, 26.937304923999818, 15, 136, 380, Advantage2, 1.0089798320000227, 1000, 1000, 196, 26
20231010214039, 33.662553363999905, 15, 149, 390, Advantage2, 0.8722422860000734, 1000, 1000, 143, 1
20231010214113, 28.602378788999886, 15, 136, 380, Advantage2, 1.0152497520002726, 1000, 1000, 157, 11
20231010214534, 26.35013564599967, 15, 149, 390, Advantage2, 1.5378582039998037, 1000, 1000, 112, 0
20231010214603, 29.56662911100011, 15, 136, 380, Advantage2, 1.7973543719999725, 1000, 1000, 206, 19
20231010214633, 22.984990081000433, 15, 149, 390, Advantage2, 0.9101883399998769, 1000, 1000, 89, 0
20231010214658, 29.709601307999947, 15, 136, 380, Advantage2, 0.8578096139999616, 1000, 1000, 186, 20
20231010214728, 25.82810704099984, 15, 149, 390, Advantage2, 0.9803976569996848, 1000, 1000, 137, 1
20231010214755, 28.640099336000276, 15, 136, 380, Advantage2, 0.8518547399999079, 1000, 1000, 189, 13
20231010214825, 26.217056715000126, 15, 149, 390, Advantage2, 1.0809118809997926, 1000, 1000, 112, 1
20231010214852, 23.655349944000136, 15, 136, 380, Advantage2, 1.2381999039998846, 1000, 1000, 174, 11
20231010214929, 20.59185215200023, 15, 149, 390, Advantage2, 1.7172107390001656, 1000, 1000, 72, 0
20231010214952, 12.93186135399992, 15, 136, 380, Advantage2, 1.0191355540000586, 1000, 1000, 79, 7
20231010215006, 26.594842181999866, 15, 149, 390, Advantage2, 0.9052830200002973, 1000, 1000, 129, 0
20231010215034, 23.73604033799984, 15, 136, 380, Advantage2, 0.9497048570001425, 1000, 1000, 156, 8
20231010215059, 30.409699222999734, 15, 149, 390, Advantage2, 0.9388870699999643, 1000, 1000, 137, 0
20231010215130, 22.813580537000234, 15, 136, 380, Advantage2, 0.8246086059998561, 1000, 1000, 162, 15
20231010215155, 19.29096116999972, 15, 149, 390, Advantage2, 0.8754963310002495, 1000, 1000, 109, 0
20231010215215, 39.67826543299998, 15, 136, 380, Advantage2, 0.8213974360000975, 1000, 1000, 321, 26
20231010215309, 15.608557870000368, 15, 149, 390, Advantage2, 1.4701945120000346, 1000, 1000, 77, 0
20231010215326, 17.730300539999917, 15, 136, 380, Advantage2, 0.8964976510001179, 1000, 1000, 166, 10
20231010215345, 24.58693735099996, 15, 149, 390, Advantage2, 0.8957129620002888, 1000, 1000, 141, 1
20231010215411, 31.100497534999704, 15, 136, 380, Advantage2, 0.7847829819997969, 1000, 1000, 201, 18
20231010215443, 19.757242840000345, 15, 149, 390, Advantage2, 0.8590573579999727, 1000, 1000, 80, 0
20231010215504, 22.243947644999935, 15, 136, 380, Advantage2, 0.7830505699998866, 1000, 1000, 174, 9
20231010215527, 23.54961618599964, 15, 149, 390, Advantage2, 0.8561142519997702, 1000, 1000, 151, 0
20231010215552, 25.179953161000412, 15, 136, 380, Advantage2, 0.9276834550000785, 1000, 1000, 191, 11
20231010215629, 29.063207123999746, 15, 149, 390, Advantage2, 1.552135449999696, 1000, 1000, 152, 0
20231010215701, 33.6426599739998, 15, 136, 380, Advantage2, 1.0582265089997236, 1000, 1000, 206, 7
20231010215736, 30.66692050799975, 15, 149, 390, Advantage2, 1.0041015410006366, 1000, 1000, 145, 0
20231010215808, 32.33180836599968, 15, 136, 380, Advantage2, 1.2656517320001512, 1000, 1000, 197, 6
20231010215842, 35.28622472400002, 15, 149, 390, Advantage2, 1.0211456669994732, 1000, 1000, 148, 0
20231010215918, 19.889954276000026, 15, 136, 380, Advantage2, 0.9460520960001304, 1000, 1000, 126, 5
20231010215939, 22.9095573350005, 15, 149, 390, Advantage2, 0.8663686339996275, 1000, 1000, 116, 0
20231010220003, 13.393484781000552, 15, 136, 380, Advantage2, 0.8908166599994729, 1000, 1000, 84, 7
20231010220704, 35.837318359000164, 16, 160, 420, Advantage2, 1.7262055789997248, 1000, 1000, 110, 21
20231010220742, 23.168002334999983, 16, 146, 409, Advantage2, 1.109398966000299, 1000, 1000, 95, 32
20231010220807, 37.15162847299962, 16, 160, 420, Advantage2, 1.0588393210000504, 1000, 1000, 120, 21
20231010220845, 30.364588153999648, 16, 146, 409, Advantage2, 1.22945191800045, 1000, 1000, 113, 27
20231010220917, 49.48831516000064, 16, 160, 420, Advantage2, 1.1309837850003532, 1000, 1000, 136, 35
20231010221007, 22.55384458700064, 16, 146, 409, Advantage2, 0.9762450179996449, 1000, 1000, 103, 16
20231010221031, 27.468732627999998, 16, 160, 420, Advantage2, 1.1247545149999496, 1000, 1000, 94, 12
20231010221100, 29.4595936099995, 16, 146, 409, Advantage2, 1.0073702460003915, 1000, 1000, 127, 38
